<?xml version="1.0" encoding="UTF-8"?>
<customMapSource>
    <name>魯地圖+twmapstyle</name>
    <minZoom>0</minZoom>
    <maxZoom>20</maxZoom>
    <tileType>image/png</tileType>
    <url>http://tile.happyman.idv.tw/mp/service?service=WMTS&amp;request=GetTile&amp;version=1.0.0&amp;layer=rudy_twmap&amp;style=default&amp;format=image/png&amp;TileMatrixSet=gm_grid&amp;TileMatrix={$z}&amp;TileRow={$y}&amp;TileCol={$x}</url>
    <tileUpdate>false</tileUpdate>
    <backgroundColor>#000000</backgroundColor>
    <ignoreErrors>false</ignoreErrors>
    <serverParts></serverParts>
</customMapSource>
